
insert into pais values
	('AFG', 'Afganistán'),
	('ALA', 'Islas Gland'),
	('ALB', 'Albania'),
	('DEU', 'Alemania'),
	('AND', 'Andorra'), 
	('AGO', 'Angola'), 
	('AIA', 'Anguilla'), 
	('ATA', 'Antártida'), 
	('ATG', 'Antigua y Barbuda'), 
	('ANT', 'Antillas Holandesas'), 
	('SAU', 'Arabia Saudí'), 
	('DZA', 'Argelia'), 
	('ARG', 'Argentina'), 
	('ARM', 'Armenia'), 
	('ABW', 'Aruba'), 
	('AUS', 'Australia'), 
	('AUT', 'Austria'), 
	('AZE', 'Azerbaiyán'), 
	('BHS', 'Bahamas'), 
	('BHR', 'Bahréin'), 
	('BGD', 'Bangladesh'), 
	('BRB', 'Barbados'), 
	('BLR', 'Bielorrusia'), 
	('BEL', 'Bélgica'), 
	('BLZ', 'Belice'),
	('BEN', 'Benin'), 
	('BMU', 'Bermudas'), 
	('BTN', 'Bhután'), 
	('BOL', 'Bolivia'), 
	('BIH', 'Bosnia y Herzegovina'), 
	('BWA', 'Botsuana'), 
	('BVT', 'Isla Bouvet'), 
	('BRA', 'Brasil'), 
	('BRN', 'Brunéi'), 
	('BGR', 'Bulgaria'), 
	('BFA', 'Burkina Faso'), 
	('BDI', 'Burundi'), 
	('CPV', 'Cabo Verde'), 
	('CYM', 'Islas Caimán'), 
	('KHM', 'Camboya'), 
	('CMR', 'Camerún'), 
	('CAN', 'Canadá'), 
	('CAF', 'República Centroafricana'), 
	('TCD', 'Chad'), 
	('CZE', 'República Checa'), 
	('CHL', 'Chile'), 
	('CHN', 'China'), 
	('CYP', 'Chipre'), 
	('CXR', 'Isla de Navidad'), 
	('VAT', 'Ciudad del Vaticano'), 
	('CCK', 'Islas Cocos'), 
	('COL', 'Colombia'), 
	('COM', 'Comoras'), 
	('COD', 'República Democrática del Congo'), 
	('COG', 'Congo'), 
	('COK', 'Islas Cook'), 
	('PRK', 'Corea del Norte'), 
	('KOR', 'Corea del Sur'), 
	('CIV', 'Costa de Marfil'), 
	('CRI', 'Costa Rica'), 
	('HRV', 'Croacia'), 
	('CUB', 'Cuba'), 
	('DNK', 'Dinamarca'), 
	('DMA', 'Dominica'), 
	('DOM', 'República Dominicana'), 
	('ECU', 'Ecuador'), 
	('EGY', 'Egipto'), 
	('SLV', 'El Salvador'), 
	('ARE', 'Emiratos Árabes Unidos'), 
	('ERI', 'Eritrea'), 
	('SVK', 'Eslovaquia'), 
	('SVN', 'Eslovenia'), 
	('ESP', 'España'), 
	('UMI', 'Islas ultramarinas de Estados Unidos'), 
	('USA', 'Estados Unidos'), 
	('EST', 'Estonia'), 
	('ETH', 'Etiopía'), 
	('FRO', 'Islas Feroe'), 
	('PHL', 'Filipinas'), 
	('FIN', 'Finlandia'), 
	('FJI', 'Fiyi'), 
	('FRA', 'Francia'), 
	('GAB', 'Gabón'), 
	('GMB', 'Gambia'), 
	('GEO', 'Georgia'), 
	('SGS', 'Islas Georgias del Sur y Sandwich del Sur'), 
	('GHA', 'Ghana'), 
	('GIB', 'Gibraltar'), 
	('GRD', 'Granada'), 
	('GRC', 'Grecia'), 
	('GRL', 'Groenlandia'), 
	('GLP', 'Guadalupe'), 
	('GUM', 'Guam'), 
	('GTM', 'Guatemala'), 
	('GUF', 'Guayana Francesa'), 
	('GIN', 'Guinea'), 
	('GNQ', 'Guinea Ecuatorial'), 
	('GNB', 'Guinea-Bissau'), 
	('GUY', 'Guyana'), 
	('HTI', 'Haití'), 
	('HMD', 'Islas Heard y McDonald'), 
	('HND', 'Honduras'), 
	('HKG', 'Hong Kong'), 
	('HUN', 'Hungría'), 
	('IND', 'India'), 
	('IDN', 'Indonesia'), 
	('IRN', 'Irán'), 
	('IRQ', 'Iraq'), 
	('IRL', 'Irlanda'), 
	('ISL', 'Islandia'), 
	('ISR', 'Israel'), 
	('ITA', 'Italia'), 
	('JAM', 'Jamaica'), 
	('JPN', 'Japón'), 
	('JOR', 'Jordania'), 
	('KAZ', 'Kazajstán'), 
	('KEN', 'Kenia'), 
	('KGZ', 'Kirguistán'), 
	('KIR', 'Kiribati'), 
	('KWT', 'Kuwait'), 
	('LAO', 'Laos'), 
	('LSO', 'Lesotho'), 
	('LVA', 'Letonia'), 
	('LBN', 'Líbano'), 
	('LBR', 'Liberia'), 
	('LBY', 'Libia'), 
	('LIE', 'Liechtenstein'), 
	('LTU', 'Lituania'), 
	('LUX', 'Luxemburgo'), 
	('MAC', 'Macao'), 
	('MKD', 'ARY Macedonia'), 
	('MDG', 'Madagascar'), 
	('MYS', 'Malasia'), 
	('MWI', 'Malawi'), 
	('MDV', 'Maldivas'), 
	('MLI', 'Malí'), 
	('MLT', 'Malta'), 
	('FLK', 'Islas Malvinas'), 
	('MNP', 'Islas Marianas del Norte'), 
	('MAR', 'Marruecos'), 
	('MHL', 'Islas Marshall'), 
	('MTQ', 'Martinica'), 
	('MUS', 'Mauricio'), 
	('MRT', 'Mauritania'), 
	('MYT', 'Mayotte'), 
	('MEX', 'México'), 
	('FSM', 'Micronesia'), 
	('MDA', 'Moldavia'), 
	('MCO', 'Mónaco'), 
	('MNG', 'Mongolia'), 
	('MSR', 'Montserrat'), 
	('MOZ', 'Mozambique'), 
	('MMR', 'Myanmar'), 
	('NAM', 'Namibia'), 
	('NRU', 'Nauru'), 
	('NPL', 'Nepal'), 
	('NIC', 'Nicaragua'), 
	('NER', 'Níger'), 
	('NGA', 'Nigeria'), 
	('NIU', 'Niue'), 
	('NFK', 'Isla Norfolk'), 
	('NOR', 'Noruega'), 
	('NCL', 'Nueva Caledonia'), 
	('NZL', 'Nueva Zelanda'), 
	('OMN', 'Omán'), 
	('NLD', 'Países Bajos'), 
	('PAK', 'Pakistán'), 
	('PLW', 'Palau'), 
	('PSE', 'Palestina'), 
	('PAN', 'Panamá'), 
	('PNG', 'Papúa Nueva Guinea'), 
	('PRY', 'Paraguay'), 
	('PER', 'Perú'), 
	('PCN', 'Islas Pitcairn'), 
	('PYF', 'Polinesia Francesa'), 
	('POL', 'Polonia'), 
	('PRT', 'Portugal'), 
	('PRI', 'Puerto Rico'), 
	('QAT', 'Qatar'), 
	('GBR', 'Reino Unido'), 
	('REU', 'Reunión'), 
	('RWA', 'Ruanda'), 
	('ROU', 'Rumania'), 
	('RUS', 'Rusia'), 
	('ESH', 'Sahara Occidental'), 
	('SLB', 'Islas Salomón'), 
	('WSM', 'Samoa'), 
	('ASM', 'Samoa Americana'), 
	('KNA', 'San Cristóbal y Nevis'), 
	('SMR', 'San Marino'), 
	('SPM', 'San Pedro y Miquelón'), 
	('VCT', 'San Vicente y las Granadinas'), 
	('SHN', 'Santa Helena'), 
	('LCA', 'Santa Lucía'), 
	('STP', 'Santo Tomé y Príncipe'), 
	('SEN', 'Senegal'), 
	('SCG', 'Serbia y Montenegro'), 
	('SYC', 'Seychelles'), 
	('SLE', 'Sierra Leona'), 
	('SGP', 'Singapur'), 
	('SYR', 'Siria'), 
	('SOM', 'Somalia'), 
	('LKA', 'Sri Lanka'), 
	('SWZ', 'Suazilandia'), 
	('ZAF', 'Sudáfrica'), 
	('SDN', 'Sudán'), 
	('SWE', 'Suecia'), 
	('CHE', 'Suiza'), 
	('SUR', 'Surinam'), 
	('SJM', 'Svalbard y Jan Mayen'), 
	('THA', 'Tailandia'), 
	('TWN', 'Taiwán'), 
	('TZA', 'Tanzania'), 
	('TJK', 'Tayikistán'), 
	('IOT', 'Territorio Británico del Océano Índico'), 
	('ATF', 'Territorios Australes Franceses'), 
	('TLS', 'Timor Oriental'), 
	('TGO', 'Togo'), 
	('TKL', 'Tokelau'), 
	('TON', 'Tonga'), 
	('TTO', 'Trinidad y Tobago'), 
	('TUN', 'Túnez'), 
	('TCA', 'Islas Turcas y Caicos'), 
	('TKM', 'Turkmenistán'), 
	('TUR', 'Turquía'), 
	('TUV', 'Tuvalu'), 
	('UKR', 'Ucrania'), 
	('UGA', 'Uganda'), 
	('URY', 'Uruguay'), 
	('UZB', 'Uzbekistán'), 
	('VUT', 'Vanuatu'), 
	('VEN', 'Venezuela'), 
	('VNM', 'Vietnam'), 
	('VGB', 'Islas Vírgenes Británicas'), 
	('VIR', 'Islas Vírgenes de los Estados Unidos'), 
	('WLF', 'Wallis y Futuna'), 
	('YEM', 'Yemen'), 
	('DJI', 'Yibuti'), 
	('ZMB', 'Zambia'), 
	('ZWE', 'Zimbabue')

insert into usuario (usuarioTelefono, usuarioNombre, usuarioUltimaActividad, usuarioEstado, paisId) values
	('23259874','Carlos Montero','2012-10-23 20:44:11','En el Gimnasio','BEL'),
	('36584569','Pablo Pintos','2010-01-05 20:44:11','En el Trabajo','DEU'),
	('44589632','Jonathan Silvera','2011-02-05 22:56:11','En el Trabajo','TUN'),
	('55893653','Luis Gomez','2014-03-24 22:56:11','Ocupado','BRA'),
	('61458741','Alvaro Gonzalez','2014-04-24 20:44:11','En el Gimnasio','BRA'),
	('76587412','Cristian Albin','2015-05-23 20:44:11','En el Gimnasio','BEL'),
	('83698547','Laura Conde','2012-06-23 02:46:11','En el Gimnasio','BRA'),
	('99876532','Ana Dominguez','2011-07-24 02:46:11','Ocupado','COL'),
	('11456398','Radamel Falcao','2010-08-24 02:46:11','Ocupado','IRL'),
	('29874158','Andrea Guirin','2010-09-08 20:44:11','Durmiendo','COL'),
	('39876547','Pablo Bengoechea','2012-10-08 20:44:11','Durmiendo','COL'),
	('43659632','Gonzalo Porras','2011-11-23 20:44:11','En el Gimnasio','PER'),
	('65874569','Gianni Rodriguez','2012-12-23 02:46:11','En el Gimnasio','BOL'),
	('76987412','Antonio Pacheco','2011-01-23 02:46:11','En el Trabajo','DEU'),
	('85463698','Marcela Gerez','2014-02-30 20:44:11','En el Trabajo','PER'),
	('94789632','Marcelo Zalayeta','2010-03-30 20:44:11','Disponible','ESP'),
	('15478963','Juana Mendez','2010-04-24 15:25:11','Disponible','ESP'),
	('26587146','Patricia Diaz','2010-05-15 15:25:11','Disponible','JPN'),
	('39874563','Maria Torres','2014-06-15 20:44:11','Disponible','TUN'),
	('45369875','Gaston Silvestre','2013-07-15 02:46:11','En el Gimnasio','IRL'),
	('55879632','Carlos Luque','2015-08-15 02:46:11','En el Gimnasio','JPN'),
	('55217856','Mario Poloni','2014-09-23 20:44:11','En el Gimnasio','URY'),
	('65693256','Nicolas Albarracin','2015-10-23 15:25:11','Ocupado','JPN'),
	('75448965','Hernan Novick','2012-11-19 15:25:11','Ocupado','RUS'),
	('85789658','Daiana Callero','2011-12-19 15:25:11','En el Trabajo','IRL'),
	('94259061','Diana Montelongo','2011-01-23 20:44:11','En el Trabajo','RUS'),
	('13581443','Ricardo Kaka','2013-02-30 08:25:11','En el Gimnasio','NZL'),
	('26386758','Cristian Rodriguez','2012-03-23 08:25:11','En el Gimnasio','URY'),
	('33067889','Valeria Recoba','2010-04-23 08:25:11','Ocupado','TUR'),
	('43571289','Victoria Velez','2010-05-14 20:44:11','Disponible','TUR'),
	('53883708','Tomas Gonzalez','2012-06-19 15:25:11','Durmiendo','TUN'),
	('69511813','Diego Aguirre','2013-07-14 15:25:11','Durmiendo','URY'),
	('74436952','Agustina Hernandez','2014-08-23 15:25:11','Durmiendo','NZL'),
	('89685678','Tatiana Castro','2011-09-05 20:44:11','Disponible','TUR'),
	('92043759','Lautaro Otero','2013-10-05 20:44:11','Ocupado','VEN'),
	('17295330','Enrique Gomez','2012-11-05 22:56:11','En el Trabajo','URY'),
	('27550181','Joaquin Perez','2010-12-23 22:56:11','Disponible','NZL'),
	('37513583','Santiago Monterrey','2010-10-23 08:25:11','Durmiendo','VEN'),
	('41200741','Ines Martinez','2012-10-23 20:44:11','Durmiendo','URY')

insert into chat values
	(2,'2014-01-24T12:32:01', 0, 1),
	(2,'2015-03-12T05:50:07', 1, 2),
	(2,'2012-05-30T02:51:02', 0, 3),
	(3,'2011-08-12T05:45:12', 0, 4),
	(3,'2010-08-05T07:12:54', 0, 5),
	(4,'2015-12-06T09:54:57', 1, 6),
	(7,'2014-10-07T12:31:48', 1, 7),
	(8,'2013-11-08T23:59:49', 1, 8),
	(9,'2012-12-23T21:12:24', 1, 9),
	(10,'2011-06-24T20:13:26', 1, 10),
	(11,'2012-07-25T19:01:21', 1, 11),
	(5,'2013-08-15T18:02:26', 1, 12),
	(13,'2014-09-11T17:03:28', 1, 13),
	(14,'2015-09-12T16:04:27', 1, 14),
	(15,'2012-01-19T15:05:32', 1, 15),
	(16,'2012-01-18T14:06:43', 1, 16),
	(17,'2013-02-16T13:07:49', 0, 17),
	(18,'2011-03-11T12:08:14', 0, 18),
	(19,'2013-04-02T23:09:16', 1, 19),
	(20,'2014-05-23T09:10:19', 0, 20),
	(21,'2014-06-04T10:11:28', 0, 21),
	(22,'2013-07-07T11:12:27', 0, 22),
	(23,'2012-08-12T12:13:59', 0, 23),
	(6,'2012-09-30T13:14:46', 1, 24),
	(25,'2011-10-29T14:15:54', 1, 25),
	(26,'2011-11-23T15:16:15', 0, 26),
	(27,'2010-12-24T16:17:31', 1, 27),
	(28,'2010-12-27T17:18:43', 0, 28),
	(29,'2012-11-27T18:19:24', 0, 29),
	(30,'2013-10-12T19:20:02', 1, 30),
	(31,'2014-09-17T20:21:59', 1, 31),
	(32,'2013-08-15T21:22:56', 1, 32),
	(12,'2015-07-06T22:23:45', 0, 33),
	(34,'2015-06-08T23:24:34', 0, 34),
	(35,'2013-05-08T23:25:23', 1, 35),
	(36,'2012-04-08T23:26:12', 0, 36),
	(24,'2012-03-05T01:27:12', 0, 37),
	(38,'2013-02-25T02:28:42', 0, 38),
	(39,'2014-01-05T03:29:56', 1, 39),
	(39,'2014-01-01T04:30:12', 0, 40)

insert into chatParticipante values
	(1, 7),
	(2, 8),
	(3, 9),
	(4, 10),
	(5, 11),
	(6, 12),
	(7, 13),
	(8, 20),
	(9, 30),
	(10, 10),
	(11, 13),
	(12, 14),
	(13, 5),
	(14, 20),
	(15, 16),
	(16, 17),
	(17, 30),
	(18, 18),
	(19, 19),
	(20, 22),
	(21, 21),
	(22, 31),
	(23, 18),
	(24, 17),
	(25, 16),
	(26, 21),
	(27, 28),
	(28, 29),
	(29, 34),
	(30, 32),
	(31, 10),
	(32, 10),
	(33, 17),
	(34, 18),
	(35, 20),
	(36, 33),
	(37, 34),
	(38, 35),
	(39, 9),
	(39, 37),
	(19, 39),
	(20, 11),
	(21, 12),
	(22, 17),
	(23, 8),
	(21, 22),
	(21, 23),
	(21, 24),
	(21, 25),
	(21, 26),
	(21, 27),
	(22, 22),
	(22, 23),
	(22, 24),
	(22, 25),
	(22, 26),
	(22, 10),
	(23, 22),
	(23, 23),
	(23, 24),
	(23, 25),
	(23, 26),
	(23, 10),
	(24, 22),
	(24, 23),
	(24, 24),
	(24, 25),
	(24, 26),
	(24, 10),
	(25, 22),
	(25, 23),
	(25, 24),
	(25, 25),
	(25, 26),
	(25, 10),
	(26, 22),
	(26, 23),
	(26, 24),
	(26, 25),
	(26, 26),
	(26, 10)


insert into grupoAdmin values
	(1, 9),
	(3, 11),
	(3, 12),
	(3, 21),
	(3, 31),
	(4, 12),
	(6, 14),
	(7, 15),
	(7, 25),
	(7, 5),
	(8, 10),
	(9, 20),
	(10, 20),
	(11, 23),
	(12, 15),
	(13, 7),
	(14, 10),
	(15, 26),
	(16, 27),
	(16, 17),
	(17, 20),
	(19, 9),
	(19, 39),
	(22, 7),
	(23, 18),
	(20, 13),
	(20, 12),
	(21, 29),
	(21, 23),
	(22, 21),
	(22, 11),
	(22, 31),
	(23, 31),
	(25, 26),
	(26, 11),
	(26, 31),
	(27, 18),
	(28, 19),
	(29, 24),
	(30, 12),
	(31, 8),
	(31, 9),
	(31, 31),
	(31, 17),
	(32, 12),
	(33, 19),
	(34, 14),
	(34, 34),
	(34, 17),
	(36, 13),
	(37, 24),
	(37, 9),
	(38, 15),
	(39, 19),
	(39, 37)
	

/* de 35 a 59 */
insert into archivo values
	(Cast('000001111100001' As varbinary(max))),
	(Cast('000001111100000' As varbinary(max))),
	(Cast('000001111100010' As varbinary(max))),
	(Cast('000001111100001' As varbinary(max))),
	(Cast('000001111100101' As varbinary(max))),
	(Cast('000001111100111' As varbinary(max))),
	(Cast('000001111100110' As varbinary(max))),
	(Cast('000001111101111' As varbinary(max))),
	(Cast('000001111101011' As varbinary(max))),
	(Cast('000001111101001' As varbinary(max))),
	(Cast('100001111101100' As varbinary(max))),
	(Cast('010001111101100' As varbinary(max))),
	(Cast('001011101101100' As varbinary(max))),
	(Cast('001110111101100' As varbinary(max))),
	(Cast('111111111101100' As varbinary(max))),
	(Cast('010101111101100' As varbinary(max))),
	(Cast('101011111101100' As varbinary(max))),
	(Cast('000000000001100' As varbinary(max))),
	(Cast('000000010001100' As varbinary(max))),
	(Cast('000001010101100' As varbinary(max))),
	(Cast('000001100001100' As varbinary(max))),
	(Cast('000000001101100' As varbinary(max))),
	(Cast('000001001101100' As varbinary(max))),
	(Cast('000110011001100' As varbinary(max))),
	(Cast('111111111111000' As varbinary(max)))

insert into mensaje values
	(1, 7, 1, '2012-01-05T01:27:12', 'Texto', 'Pendiente', 'Contenido del Mensaje', 1),
	(2, 7, 1, '2013-03-22T01:27:12', 'Audio', 'Enviado', 'Contenido del Mensaje', 2),
	(3, 17, 2, '2014-03-23T01:27:12', 'Video', 'Pendiente', 'Contenido del Mensaje', 3),
	(4, 1, 3, '2015-02-25T01:27:12', 'Imagen', 'Enviado', 'Contenido del Mensaje', 4),
	(5, 1, 11, '2015-04-04T01:27:12', 'Texto', 'Pendiente', 'Contenido del Mensaje', 5),
	(6, 2, 12, '2015-07-01T01:27:12', 'Audio', 'Pendiente', 'Contenido del Mensaje', 6),
	(7, 6, 11, '2015-08-02T01:27:12', 'Video', 'Pendiente', 'Contenido del Mensaje', 7),
	(8, 7, 14, '2014-07-03T01:27:12', 'Imagen', 'Pendiente', 'Contenido del Mensaje', 8),
	(9, 8, 17, '2012-10-08T01:27:12', 'Texto', 'Enviado', 'Contenido del Mensaje', 9),
	(10, 10, 19, '2013-11-09T01:27:12', 'Audio', 'Enviado', 'Contenido del Mensaje', 10),
	(11, 11, 19, '2012-12-10T01:27:12', 'Video', 'Pendiente', 'Contenido del Mensaje', 11),
	(12, 11, 20, '2012-12-16T01:27:12', 'Imagen', 'Pendiente', 'Contenido del Mensaje', 12),
	(13, 13, 20, '2013-12-17T01:27:12', 'Texto', 'Pendiente', 'Contenido del Mensaje', 13),
	(14, 13, 23, '2014-11-17T01:27:12', 'Audio', 'Enviado', 'Contenido del Mensaje', 14),
	(15, 16, 24, '2014-10-16T01:27:12', 'Video', 'Pendiente', 'Contenido del Mensaje', 15),
	(16, 17, 25, '2015-09-15T01:27:12', 'Imagen', 'Pendiente', 'Contenido del Mensaje', 16),
	(17, 18, 17, '2014-07-05T01:27:12', 'Texto', 'Enviado', 'Contenido del Mensaje', 17),
	(18, 7, 18, '2013-03-15T01:27:12', 'Audio', 'Enviado', 'Contenido del Mensaje', 18),
	(19, 20, 11, '2011-04-01T01:27:12', 'Video', 'Enviado', 'Contenido del Mensaje', 19),
	(20, 20, 10, '2012-02-02T01:27:12', 'Imagen', 'Enviado', 'Contenido del Mensaje', 20),
	(21, 17, 1, '2012-02-08T01:27:12', 'Texto', 'Enviado', 'Contenido del Mensaje', 21),
	(22, 28, 12, '2013-02-11T01:27:12', 'Audio', 'Pendiente', 'Contenido del Mensaje', 22),
	(23, 23, 2, '2013-08-13T01:27:12', 'Video', 'Enviado', 'Contenido del Mensaje', 23),
	(24, 26, 5, '2013-07-04T01:27:12', 'Imagen', 'Pendiente', 'Contenido del Mensaje', 24),
	(25, 32, 5, '2015-08-03T01:27:12', 'Texto', 'Pendiente', 'Contenido del Mensaje', 25),
	(26, 33, 5, '2015-09-02T01:27:12', 'Audio', 'Enviado', 'Contenido del Mensaje', 1),
	(27, 30, 7, '2015-10-05T01:27:12', 'Video', 'Pendiente', 'Contenido del Mensaje', 2),
	(28, 30, 22, '2014-03-05T01:27:12', 'Imagen', 'Pendiente', 'Contenido del Mensaje', 3),
	(29, 30, 2, '2015-04-17T01:27:12', 'Texto', 'Enviado', 'Contenido del Mensaje', 4),
	(30, 28, 17, '2013-07-18T01:27:12', 'Audio', 'Enviado', 'Contenido del Mensaje', 5),
	(31, 7, 14, '2014-08-23T01:27:12', 'Video', 'Enviado', 'Contenido del Mensaje', 6),
	(32, 17, 15, '2014-08-30T01:27:12', 'Imagen', 'Enviado', 'Contenido del Mensaje', 6)

insert into llamada values
	(2, 7, '2012-02-05T01:27:12', '2012-02-05T01:29:12', 2, 0),
	(2, 7, '2013-07-22T02:27:12', '2013-07-22T03:27:12', 60, 1),
	(3, 17, '2014-04-23T01:27:12', '2014-04-23T04:27:12', 180, 1),
	(4, 2, '2015-01-25T04:27:12', '2015-01-25T05:27:12', 60, 1),
	(5, 3, '2015-11-04T06:27:12', '2015-11-04T07:27:12', 60, 0),
	(6, 2, '2015-12-01T07:27:12', '2015-12-01T08:27:12', 60, 1),
	(7, 6, '2015-02-02T08:27:12', '2015-02-02T08:57:12', 30, 1),
	(8, 7, '2014-01-03T08:27:12', '2014-01-03T08:37:12', 10, 1),
	(9, 8, '2012-01-08T09:27:12', '2012-01-08T10:27:12', 60, 0),	
	(10, 10, '2013-12-09T11:27:12', '2013-12-09T12:27:12', 60, 0),
	(11, 11, '2012-11-10T12:27:12', '2012-11-10T14:27:12', 120, 0), 
	(12, 11, '2012-11-16T13:27:12', '2012-11-16T13:30:12', 3, 1),
	(13, 13, '2013-12-17T14:14:12', '2013-12-17T14:30:12', 16, 1),
	(14, 13, '2014-11-17T15:27:12', '2014-11-17T15:47:12', 20, 0),
	(15, 16, '2014-01-16T16:27:12', '2014-01-16T16:28:12', 1, 1),
	(16, 17, '2015-06-15T16:27:12', '2015-06-15T17:05:12', 32, 0),
	(17, 18, '2014-06-05T17:27:12', '2014-06-05T18:17:12', 60, 0),	
	(18, 7, '2013-03-15T17:07:12', '2013-03-15T17:27:12', 20, 1),
	(19, 20, '2011-03-01T18:27:12', '2011-03-01T18:28:12', 1, 1),
	(20, 20, '2012-04-02T18:27:12', '2012-04-02T19:27:12', 60, 1),
	(21, 17, '2012-04-08T18:27:12', '2012-04-08T18:37:12', 10, 1),
	(22, 28, '2013-04-11T19:17:12', '2013-04-11T19:23:12', 6, 1),
	(23, 23, '2013-09-13T19:27:12', '2013-09-13T09:30:12', 3, 0),	
	(24, 26, '2013-09-04T20:07:12', '2013-09-04T20:27:12', 20, 0),
	(25, 32, '2015-08-03T20:07:12', '2015-08-03T10:17:12', 10, 1),
	(26, 33, '2015-09-02T20:47:12', '2015-09-02T21:20:12', 30, 1),
	(27, 30, '2015-10-05T20:47:12', '2015-10-05T21:15:12', 27, 1),
	(28, 30, '2014-03-05T21:27:12', '2014-03-05T21:47:12', 20, 1),
	(29, 30, '2015-11-17T21:07:12', '2015-11-17T21:27:12', 20, 0),
	(30, 28, '2013-04-18T21:03:12', '2013-04-18T21:37:12', 34, 1),
	(31, 7, '2014-08-23T21:00:12', '2014-08-23T21:17:12', 17, 0),
	(32, 17, '2014-06-30T21:27:12', '2014-06-30T21:55:12', 28, 0),
	(32, 17, '2014-08-30T22:00:12', '2014-08-30T22:15:12', 15, 1),
	(28, 3, '2015-03-05T22:00:12', '2015-03-05T22:17:12', 17, 1),
	(28, 31, '2013-02-05T22:00:12', '2013-02-05T23:27:12', 87, 0),
	(4, 17, '2014-02-25T23:06:12', '2014-02-25T23:27:12', 21, 1),
	(5, 15, '2014-04-04T23:02:12', '2014-04-04T23:47:12', 45, 0),
	(6, 22, '2014-07-01T00:27:12', '2014-07-01T01:27:12', 60, 1),
	(7, 26, '2011-08-02T00:22:12', '2011-08-02T00:29:12', 8, 1),
	(8, 17, '2013-07-03T01:27:12', '2013-07-03T01:49:12', 22, 0),
	(15, 26, '2015-10-16T02:27:12', '2015-10-16T02:31:12', 4, 1),
	(16, 27, '2011-09-15T02:27:12', '2011-09-15T02:32:12', 5, 1),
	(17, 8, '2013-07-05T02:27:12', '2013-07-05T02:45:12', 15, 1),
	(18, 7, '2014-08-15T03:27:12', '2014-08-15T03:46:12', 18, 1),
	(29, 3, '2014-04-17T04:27:12', '2014-04-17T04:58:12', 29, 0),
	(30, 8, '2015-07-18T21:27:12', '2015-07-18T21:34:12', 5, 1),
	(31, 7, '2015-04-23T22:27:12', '2015-04-23T22:29:12', 2, 1),
	(32, 13, '2013-08-30T17:27:12', '2013-08-30T17:37:12', 10, 0), 
	(24, 26, '2012-03-04T18:27:12', '2012-03-04T18:48:12', 20, 1),
	(25, 4, '2012-08-03T19:27:12', '2012-08-03T19:43:12', 14, 0)

insert into contacto values
	(1, 19),
	(3, 21),
	(3, 22),
	(3, 11),
	(3, 14),
	(4, 12),
	(6, 14),
	(7, 15),
	(7, 25),
	(7, 16),
	(8, 10),
	(9, 20),
	(10, 10),
	(11, 13),
	(12, 5),
	(13, 17),
	(14, 8),
	(15, 9),
	(16, 9),
	(16, 8),
	(17, 20),
	(19, 19),
	(20, 7),
	(21, 29),
	(22, 11),
	(22, 21),
	(22, 12),
	(23, 21),
	(25, 26),
	(26, 14),
	(26, 16),
	(27, 8),
	(28, 9),
	(29, 24),
	(30, 22),
	(31, 18),
	(31, 9),
	(31, 31),
	(31, 17),
	(32, 18),
	(33, 9),
	(34, 11),
	(34, 24),
	(34, 37),
	(36, 33),
	(37, 14),
	(37, 29),
	(38, 9),
	(39, 29),
	(39, 37),
	(19, 39),
	(20, 12),
	(21, 23),
	(22, 7),
	(23, 18)

insert into bloqueado values
	(1, 17, '2012-02-05T01:27:12'),
	(2, 17, '2013-07-22T02:27:12'),
	(3, 7, '2014-04-23T01:27:12'),
	(4, 1, '2015-01-25T04:27:12'),
	(5, 1, '2015-11-04T06:27:12'),
	(6, 12, '2015-12-01T07:27:12'),
	(7, 6, '2015-02-02T08:27:12'),
	(8, 7, '2014-01-03T08:27:12'),
	(9, 8, '2012-01-08T09:27:12'),
	(10, 6, '2013-12-09T11:27:12'),
	(11, 1, '2012-11-10T12:27:12'), 
	(12, 12, '2012-11-16T13:27:12'),
	(13, 3, '2013-12-17T14:14:12'),
	(14, 14, '2014-11-17T15:27:12'),
	(15, 11, '2014-01-16T16:27:12'),
	(16, 17, '2015-06-15T16:27:12'),
	(17, 16, '2014-06-05T17:27:12'),
	(18, 7, '2013-03-15T17:07:12'),
	(19, 20, '2011-03-01T18:27:12'),
	(20, 20, '2012-04-02T18:27:12'),
	(21, 17, '2012-04-08T18:27:12'),
	(22, 28, '2013-04-11T19:17:12'),
	(23, 23, '2013-09-13T19:27:12'),
	(24, 16, '2013-09-04T20:07:12'),
	(25, 32, '2015-08-03T20:07:12'),
	(26, 23, '2015-09-02T20:47:12'),
	(27, 30, '2015-10-05T20:47:12'),
	(28, 30, '2014-03-05T21:27:12'),
	(29, 20, '2015-11-17T21:07:12'),
	(30, 28, '2013-04-18T21:03:12'),
	(31, 17, '2014-08-23T21:00:12'),
	(32, 7, '2014-06-30T21:27:12'),
	(32, 27, '2014-08-30T22:00:12'),
	(28, 3, '2015-03-05T22:00:12'),
	(28, 31, '2013-02-05T22:00:12'),
	(4, 17, '2014-02-25T23:06:12'),
	(5, 15, '2014-04-04T23:02:12'),
	(6, 22, '2014-07-01T00:27:12'),
	(7, 26, '2011-08-02T00:22:12'),
	(8, 17, '2013-07-03T01:27:12'),
	(15, 26, '2015-10-16T02:27:12'),
	(16, 27, '2011-09-15T02:27:12'),
	(17, 18, '2013-07-05T02:27:12'),
	(18, 6, '2014-08-15T03:27:12'),
	(29, 3, '2014-04-17T04:27:12'),
	(30, 8, '2015-07-18T21:27:12'),
	(31, 7, '2015-04-23T22:27:12'),
	(32, 13, '2013-08-30T17:27:12'), 
	(24, 26, '2012-03-04T18:27:12'),
	(25, 4, '2012-08-03T19:27:12')
