select *
from pais


insert into pais values
	('AFG', 'Afganistán'),
	('ALA', 'Islas Gland'),
	('ALB', 'Albania'),
	('DEU', 'Alemania'),
	('AND', 'Andorra'), 
	('AGO', 'Angola'), 
	('AIA', 'Anguilla'), 
	('ATA', 'Antártida'), 
	('ATG', 'Antigua y Barbuda'), 
	('ANT', 'Antillas Holandesas'), 
	('SAU', 'Arabia Saudí'), 
	('DZA', 'Argelia'), 
	('ARG', 'Argentina'), 
	('ARM', 'Armenia'), 
	('ABW', 'Aruba'), 
	('AUS', 'Australia'), 
	('AUT', 'Austria'), 
	('AZE', 'Azerbaiyán'), 
	('BHS', 'Bahamas'), 
	('BHR', 'Bahréin'), 
	('BGD', 'Bangladesh'), 
	('BRB', 'Barbados'), 
	('BLR', 'Bielorrusia'), 
	('BEL', 'Bélgica'), 
	('BLZ', 'Belice'),
	('BEN', 'Benin'), 
	('BMU', 'Bermudas'), 
	('BTN', 'Bhután'), 
	('BOL', 'Bolivia'), 
	('BIH', 'Bosnia y Herzegovina'), 
	('BWA', 'Botsuana'), 
	('BVT', 'Isla Bouvet'), 
	('BRA', 'Brasil'), 
	('BRN', 'Brunéi'), 
	('BGR', 'Bulgaria'), 
	('BFA', 'Burkina Faso'), 
	('BDI', 'Burundi'), 
	('CPV', 'Cabo Verde'), 
	('CYM', 'Islas Caimán'), 
	('KHM', 'Camboya'), 
	('CMR', 'Camerún'), 
	('CAN', 'Canadá'), 
	('CAF', 'República Centroafricana'), 
	('TCD', 'Chad'), 
	('CZE', 'República Checa'), 
	('CHL', 'Chile'), 
	('CHN', 'China'), 
	('CYP', 'Chipre'), 
	('CXR', 'Isla de Navidad'), 
	('VAT', 'Ciudad del Vaticano'), 
	('CCK', 'Islas Cocos'), 
	('COL', 'Colombia'), 
	('COM', 'Comoras'), 
	('COD', 'República Democrática del Congo'), 
	('COG', 'Congo'), 
	('COK', 'Islas Cook'), 
	('PRK', 'Corea del Norte'), 
	('KOR', 'Corea del Sur'), 
	('CIV', 'Costa de Marfil'), 
	('CRI', 'Costa Rica'), 
	('HRV', 'Croacia'), 
	('CUB', 'Cuba'), 
	('DNK', 'Dinamarca'), 
	('DMA', 'Dominica'), 
	('DOM', 'República Dominicana'), 
	('ECU', 'Ecuador'), 
	('EGY', 'Egipto'), 
	('SLV', 'El Salvador'), 
	('ARE', 'Emiratos Árabes Unidos'), 
	('ERI', 'Eritrea'), 
	('SVK', 'Eslovaquia'), 
	('SVN', 'Eslovenia'), 
	('ESP', 'España'), 
	('UMI', 'Islas ultramarinas de Estados Unidos'), 
	('USA', 'Estados Unidos'), 
	('EST', 'Estonia'), 
	('ETH', 'Etiopía'), 
	('FRO', 'Islas Feroe'), 
	('PHL', 'Filipinas'), 
	('FIN', 'Finlandia'), 
	('FJI', 'Fiyi'), 
	('FRA', 'Francia'), 
	('GAB', 'Gabón'), 
	('GMB', 'Gambia'), 
	('GEO', 'Georgia'), 
	('SGS', 'Islas Georgias del Sur y Sandwich del Sur'), 
	('GHA', 'Ghana'), 
	('GIB', 'Gibraltar'), 
	('GRD', 'Granada'), 
	('GRC', 'Grecia'), 
	('GRL', 'Groenlandia'), 
	('GLP', 'Guadalupe'), 
	('GUM', 'Guam'), 
	('GTM', 'Guatemala'), 
	('GUF', 'Guayana Francesa'), 
	('GIN', 'Guinea'), 
	('GNQ', 'Guinea Ecuatorial'), 
	('GNB', 'Guinea-Bissau'), 
	('GUY', 'Guyana'), 
	('HTI', 'Haití'), 
	('HMD', 'Islas Heard y McDonald'), 
	('HND', 'Honduras'), 
	('HKG', 'Hong Kong'), 
	('HUN', 'Hungría'), 
	('IND', 'India'), 
	('IDN', 'Indonesia'), 
	('IRN', 'Irán'), 
	('IRQ', 'Iraq'), 
	('IRL', 'Irlanda'), 
	('ISL', 'Islandia'), 
	('ISR', 'Israel'), 
	('ITA', 'Italia'), 
	('JAM', 'Jamaica'), 
	('JPN', 'Japón'), 
	('JOR', 'Jordania'), 
	('KAZ', 'Kazajstán'), 
	('KEN', 'Kenia'), 
	('KGZ', 'Kirguistán'), 
	('KIR', 'Kiribati'), 
	('KWT', 'Kuwait'), 
	('LAO', 'Laos'), 
	('LSO', 'Lesotho'), 
	('LVA', 'Letonia'), 
	('LBN', 'Líbano'), 
	('LBR', 'Liberia'), 
	('LBY', 'Libia'), 
	('LIE', 'Liechtenstein'), 
	('LTU', 'Lituania'), 
	('LUX', 'Luxemburgo'), 
	('MAC', 'Macao'), 
	('MKD', 'ARY Macedonia'), 
	('MDG', 'Madagascar'), 
	('MYS', 'Malasia'), 
	('MWI', 'Malawi'), 
	('MDV', 'Maldivas'), 
	('MLI', 'Malí'), 
	('MLT', 'Malta'), 
	('FLK', 'Islas Malvinas'), 
	('MNP', 'Islas Marianas del Norte'), 
	('MAR', 'Marruecos'), 
	('MHL', 'Islas Marshall'), 
	('MTQ', 'Martinica'), 
	('MUS', 'Mauricio'), 
	('MRT', 'Mauritania'), 
	('MYT', 'Mayotte'), 
	('MEX', 'México'), 
	('FSM', 'Micronesia'), 
	('MDA', 'Moldavia'), 
	('MCO', 'Mónaco'), 
	('MNG', 'Mongolia'), 
	('MSR', 'Montserrat'), 
	('MOZ', 'Mozambique'), 
	('MMR', 'Myanmar'), 
	('NAM', 'Namibia'), 
	('NRU', 'Nauru'), 
	('NPL', 'Nepal'), 
	('NIC', 'Nicaragua'), 
	('NER', 'Níger'), 
	('NGA', 'Nigeria'), 
	('NIU', 'Niue'), 
	('NFK', 'Isla Norfolk'), 
	('NOR', 'Noruega'), 
	('NCL', 'Nueva Caledonia'), 
	('NZL', 'Nueva Zelanda'), 
	('OMN', 'Omán'), 
	('NLD', 'Países Bajos'), 
	('PAK', 'Pakistán'), 
	('PLW', 'Palau'), 
	('PSE', 'Palestina'), 
	('PAN', 'Panamá'), 
	('PNG', 'Papúa Nueva Guinea'), 
	('PRY', 'Paraguay'), 
	('PER', 'Perú'), 
	('PCN', 'Islas Pitcairn'), 
	('PYF', 'Polinesia Francesa'), 
	('POL', 'Polonia'), 
	('PRT', 'Portugal'), 
	('PRI', 'Puerto Rico'), 
	('QAT', 'Qatar'), 
	('GBR', 'Reino Unido'), 
	('REU', 'Reunión'), 
	('RWA', 'Ruanda'), 
	('ROU', 'Rumania'), 
	('RUS', 'Rusia'), 
	('ESH', 'Sahara Occidental'), 
	('SLB', 'Islas Salomón'), 
	('WSM', 'Samoa'), 
	('ASM', 'Samoa Americana'), 
	('KNA', 'San Cristóbal y Nevis'), 
	('SMR', 'San Marino'), 
	('SPM', 'San Pedro y Miquelón'), 
	('VCT', 'San Vicente y las Granadinas'), 
	('SHN', 'Santa Helena'), 
	('LCA', 'Santa Lucía'), 
	('STP', 'Santo Tomé y Príncipe'), 
	('SEN', 'Senegal'), 
	('SCG', 'Serbia y Montenegro'), 
	('SYC', 'Seychelles'), 
	('SLE', 'Sierra Leona'), 
	('SGP', 'Singapur'), 
	('SYR', 'Siria'), 
	('SOM', 'Somalia'), 
	('LKA', 'Sri Lanka'), 
	('SWZ', 'Suazilandia'), 
	('ZAF', 'Sudáfrica'), 
	('SDN', 'Sudán'), 
	('SWE', 'Suecia'), 
	('CHE', 'Suiza'), 
	('SUR', 'Surinam'), 
	('SJM', 'Svalbard y Jan Mayen'), 
	('THA', 'Tailandia'), 
	('TWN', 'Taiwán'), 
	('TZA', 'Tanzania'), 
	('TJK', 'Tayikistán'), 
	('IOT', 'Territorio Británico del Océano Índico'), 
	('ATF', 'Territorios Australes Franceses'), 
	('TLS', 'Timor Oriental'), 
	('TGO', 'Togo'), 
	('TKL', 'Tokelau'), 
	('TON', 'Tonga'), 
	('TTO', 'Trinidad y Tobago'), 
	('TUN', 'Túnez'), 
	('TCA', 'Islas Turcas y Caicos'), 
	('TKM', 'Turkmenistán'), 
	('TUR', 'Turquía'), 
	('TUV', 'Tuvalu'), 
	('UKR', 'Ucrania'), 
	('UGA', 'Uganda'), 
	('URY', 'Uruguay'), 
	('UZB', 'Uzbekistán'), 
	('VUT', 'Vanuatu'), 
	('VEN', 'Venezuela'), 
	('VNM', 'Vietnam'), 
	('VGB', 'Islas Vírgenes Británicas'), 
	('VIR', 'Islas Vírgenes de los Estados Unidos'), 
	('WLF', 'Wallis y Futuna'), 
	('YEM', 'Yemen'), 
	('DJI', 'Yibuti'), 
	('ZMB', 'Zambia'), 
	('ZWE', 'Zimbabue')


insert into usuario (usuarioTelefono, usuarioNombre, usuarioUltimaActividad, usuarioEstado, paisId) values
	('23259874','Carlos Montero','2012-10-23 20:44:11','En el Gimnasio','BEL'),
	('36584569','Pablo Pintos','2010-01-05 20:44:11','En el Trabajo','DEU'),
	('44589632','Jonathan Silvera','2011-02-05 22:56:11','En el Trabajo','TUN'),
	('55893653','Luis Gomez','2014-03-24 22:56:11','Ocupado','BRA'),
	('61458741','Alvaro Gonzalez','2014-04-24 20:44:11','En el Gimnasio','BRA'),
	('76587412','Cristian Albin','2015-05-23 20:44:11','En el Gimnasio','BEL'),
	('83698547','Laura Conde','2012-06-23 02:46:11','En el Gimnasio','BRA'),
	('99876532','Ana Dominguez','2011-07-24 02:46:11','Ocupado','COL'),
	('11456398','Radamel Falcao','2010-08-24 02:46:11','Ocupado','IRL'),
	('29874158','Andrea Guirin','2010-09-08 20:44:11','Durmiendo','COL'),
	('39876547','Pablo Bengoechea','2012-10-08 20:44:11','Durmiendo','COL'),
	('43659632','Gonzalo Porras','2011-11-23 20:44:11','En el Gimnasio','PER'),
	('65874569','Gianni Rodriguez','2012-12-23 02:46:11','En el Gimnasio','BOL'),
	('76987412','Antonio Pacheco','2011-01-23 02:46:11','En el Trabajo','DEU'),
	('85463698','Marcela Gerez','2014-02-30 20:44:11','En el Trabajo','PER'),
	('94789632','Marcelo Zalayeta','2010-03-30 20:44:11','Disponible','ESP'),
	('15478963','Juana Mendez','2010-04-24 15:25:11','Disponible','ESP'),
	('26587146','Patricia Diaz','2010-05-15 15:25:11','Disponible','JPN'),
	('39874563','Maria Torres','2014-06-15 20:44:11','Disponible','TUN'),
	('45369875','Gaston Silvestre','2013-07-15 02:46:11','En el Gimnasio','IRL'),
	('55879632','Carlos Luque','2015-08-15 02:46:11','En el Gimnasio','JPN'),
	('55217856','Mario Poloni','2014-09-23 20:44:11','En el Gimnasio','URY'),
	('65693256','Nicolas Albarracin','2015-10-23 15:25:11','Ocupado','JPN'),
	('75448965','Hernan Novick','2012-11-19 15:25:11','Ocupado','RUS'),
	('85789658','Daiana Callero','2011-12-19 15:25:11','En el Trabajo','IRL'),
	('94259061','Diana Montelongo','2011-01-23 20:44:11','En el Trabajo','RUS'),
	('13581443','Ricardo Kaka','2013-02-30 08:25:11','En el Gimnasio','NZL'),
	('26386758','Cristian Rodriguez','2012-03-23 08:25:11','En el Gimnasio','URY'),
	('33067889','Valeria Recoba','2010-04-23 08:25:11','Ocupado','TUR'),
	('43571289','Victoria Velez','2010-05-14 20:44:11','Disponible','TUR'),
	('53883708','Tomas Gonzalez','2012-06-19 15:25:11','Durmiendo','TUN'),
	('69511813','Diego Aguirre','2013-07-14 15:25:11','Durmiendo','URY'),
	('74436952','Agustina Hernandez','2014-08-23 15:25:11','Durmiendo','NZL'),
	('89685678','Tatiana Castro','2011-09-05 20:44:11','Disponible','TUR'),
	('92043759','Lautaro Otero','2013-10-05 20:44:11','Ocupado','VEN'),
	('17295330','Enrique Gomez','2012-11-05 22:56:11','En el Trabajo','URY'),
	('27550181','Joaquin Perez','2010-12-23 22:56:11','Disponible','NZL'),
	('37513583','Santiago Monterrey','2010-10-23 08:25:11','Durmiendo','VEN'),
	('41200741','Ines Martinez','2012-10-23 20:44:11','Durmiendo','URY')

insert into chat values
	(2,'2014-01-24T12:32:01', 0, 1),
	(2,'2015-03-12T05:50:07', 1, 2),
	(2,'2012-05-30T02:51:02', 0, 3),
	(3,'2011-08-12T05:45:12', 0, 4),
	(3,'2010-08-05T07:12:54', 0, 5),
	(4,'2015-12-06T09:54:57', 1, 6),
	(7,'2014-10-07T12:31:48', 1, 7),
	(8,'2013-11-08T23:59:49', 1, 8),
	(9,'2012-12-23T21:12:24', 1, 9),
	(10,'2011-06-24T20:13:26', 1, 10),
	(11,'2012-07-25T19:01:21', 1, 11),
	(5,'2013-08-15T18:02:26', 1, 12),
	(13,'2014-09-11T17:03:28', 1, 13),
	(14,'2015-09-12T16:04:27', 1, 14),
	(15,'2012-01-19T15:05:32', 1, 15),
	(16,'2012-01-18T14:06:43', 1, 16),
	(17,'2013-02-16T13:07:49', 0, 17),
	(18,'2011-03-11T12:08:14', 0, 18),
	(19,'2013-04-02T23:09:16', 1, 19),
	(20,'2014-05-23T09:10:19', 0, 20),
	(21,'2014-06-04T10:11:28', 0, 21),
	(22,'2013-07-07T11:12:27', 0, 22),
	(23,'2012-08-12T12:13:59', 0, 23),
	(6,'2012-09-30T13:14:46', 1, 24),
	(25,'2011-10-29T14:15:54', 1, 25),
	(26,'2011-11-23T15:16:15', 0, 26),
	(27,'2010-12-24T16:17:31', 1, 27),
	(28,'2010-12-27T17:18:43', 0, 28),
	(29,'2012-11-27T18:19:24', 0, 29),
	(30,'2013-10-12T19:20:02', 1, 30),
	(31,'2014-09-17T20:21:59', 1, 31),
	(32,'2013-08-15T21:22:56', 1, 32),
	(12,'2015-07-06T22:23:45', 0, 33),
	(34,'2015-06-08T23:24:34', 0, 34),
	(35,'2013-05-08T23:25:23', 1, 35),
	(36,'2012-04-08T23:26:12', 0, 36),
	(24,'2012-03-05T01:27:12', 0, 37),
	(38,'2013-02-25T02:28:42', 0, 38),
	(39,'2014-01-05T03:29:56', 1, 39),
	(40,'2014-01-01T04:30:12', 0, 40)



insert into chatParticipante values
	()

insert into grupoAdmin values
	()

insert into mensaje values
	(mensajeId, chatId, usuarioId, 'fechaMensaje', 'mensajeTipo', 'mensajeEstado', 'mensajeTexto', archivoId)
	( , , , '', '', '', '', )
	( , , , '', '', '', '', )
	( , , , '', '', '', '', )
	( , , , '', '', '', '', )
	( , , , '', '', '', '', )
	( , , , '', '', '', '', )
	( , , , '', '', '', '', )
	( , , , '', '', '', '', )
	( , , , '', '', '', '', )
	( , , , '', '', '', '', )
	( , , , '', '', '', '', )
	( , , , '', '', '', '', )
	( , , , '', '', '', '', )
	( , , , '', '', '', '', )
	( , , , '', '', '', '', )
	( , , , '', '', '', '', )
	( , , , '', '', '', '', )
	( , , , '', '', '', '', )
	( , , , '', '', '', '', )
	( , , , '', '', '', '', )
	( , , , '', '', '', '', )
	( , , , '', '', '', '', )
	( , , , '', '', '', '', )
	( , , , '', '', '', '', )
	( , , , '', '', '', '', )
	( , , , '', '', '', '', )
	( , , , '', '', '', '', )
	( , , , '', '', '', '', )
	( , , , '', '', '', '', )
	( , , , '', '', '', '', )
	( , , , '', '', '', '', )
	( , , , '', '', '', '', )
	( , , , '', '', '', '', )
	( , , , '', '', '', '', )
	( , , , '', '', '', '', )
	( , , , '', '', '', '', )
	( , , , '', '', '', '', )
	( , , , '', '', '', '', )
	( , , , '', '', '', '', )
	( , , , '', '', '', '', )




insert into archivo values
	()

insert into llamada values
	()

insert into contacto values
	()

insert into bloqueado values

CREATE TABLE chat(
chatId int, 
usuarioCreador int, 
chatFechaCreacion datetime, 
esGrupo bit
)

CREATE TABLE chatParticipante(
chatId int, 
usuarioParticipante int
)

CREATE TABLE grupoAdmin(
chatId int, 
usuarioId int
)

CREATE TABLE mensaje(
mensajeId int, 
chatId int, 
usuarioId int, 
fechaMensaje datetime, 
mensajeTipo varchar(6),
mensajeEstado varchar(10), 	
mensajeTexto varchar(1000), 
archivoId int
)

CREATE TABLE archivo(
archivoId int, 
archivoContenido VARBINARY(MAX)
)

CREATE TABLE llamada(
llamador int, 
receptor int, 
fechaComienzo datetime, 
fechaFin datetime, 
duracion int, 
respondida bit
)

CREATE TABLE contacto(
usuarioId int, 
contactoId int
)

CREATE TABLE bloqueado(
usuarioId int, 
contactoBloqueadoId int, 
fechaBloqueado datetime
)



